name,batting_team,opposing_team,opposing_sp_name,sp_xbaa_source,batter_xba,sp_xbaa,bullpen_xbaa,vs_sp_log5,vs_bullpen_log5,games_played,at_bats,ab_per_game,sp_abs,bp_abs,hit_probability
Dane Myers,Cincinnati Reds,Detroit Tigers,Framber Valdez,sp,0.381,0.238,0.23195439739413679,0.3683,0.3605,22,31,1.409,1.409,0.0,0.4765
Elly De La Cruz,Cincinnati Reds,Detroit Tigers,Framber Valdez,sp,0.27,0.238,0.23195439739413679,0.2594,0.253,25,102,4.08,2.0,2.08,0.701
Eugenio Suárez,Cincinnati Reds,Detroit Tigers,Framber Valdez,sp,0.195,0.238,0.23195439739413679,0.1866,0.1816,25,91,3.64,2.0,1.64,0.5237
Ke'Bryan Hayes,Cincinnati Reds,Detroit Tigers,Framber Valdez,sp,0.223,0.238,0.23195439739413679,0.2137,0.2081,22,59,2.682,2.0,0.682,0.4727
Matt McLain,Cincinnati Reds,Detroit Tigers,Framber Valdez,sp,0.217,0.238,0.23195439739413679,0.2079,0.2024,25,90,3.6,2.0,1.6,0.5631
Sal Stewart,Cincinnati Reds,Detroit Tigers,Framber Valdez,sp,0.299,0.238,0.23195439739413679,0.2877,0.2809,25,91,3.64,2.0,1.64,0.7046
Spencer Steer,Cincinnati Reds,Detroit Tigers,Framber Valdez,sp,0.223,0.238,0.23195439739413679,0.2137,0.2081,23,77,3.348,2.0,1.348,0.5486
TJ Friedl,Cincinnati Reds,Detroit Tigers,Framber Valdez,sp,0.174,0.238,0.23195439739413679,0.1663,0.1617,23,87,3.783,2.0,1.783,0.4925
Tyler Stephenson,Cincinnati Reds,Detroit Tigers,Framber Valdez,sp,0.226,0.238,0.23195439739413679,0.2166,0.211,19,57,3.0,2.0,1.0,0.5158
Will Benson,Cincinnati Reds,Detroit Tigers,Framber Valdez,sp,0.16,0.238,0.23195439739413679,0.1528,0.1485,20,34,1.7,1.7,0.0,0.2456
Colt Keith,Detroit Tigers,Cincinnati Reds,Andrew Abbott,sp,0.295,0.28,0.21173138297872346,0.3304,0.2542,23,73,3.174,2.0,1.174,0.6822
Dillon Dingler,Detroit Tigers,Cincinnati Reds,Andrew Abbott,sp,0.324,0.28,0.21173138297872346,0.3611,0.2808,22,76,3.455,2.0,1.455,0.7473
Gleyber Torres,Detroit Tigers,Cincinnati Reds,Andrew Abbott,sp,0.248,0.28,0.21173138297872346,0.28,0.2117,25,93,3.72,2.0,1.72,0.6557
Javier Báez,Detroit Tigers,Cincinnati Reds,Andrew Abbott,sp,0.284,0.28,0.21173138297872346,0.3187,0.2442,20,68,3.4,2.0,1.4,0.6863
Kerry Carpenter,Detroit Tigers,Cincinnati Reds,Andrew Abbott,sp,0.177,0.28,0.21173138297872346,0.2023,0.1491,23,66,2.87,2.0,0.87,0.4471
Kevin McGonigle,Detroit Tigers,Cincinnati Reds,Andrew Abbott,sp,0.313,0.28,0.21173138297872346,0.3495,0.2706,25,94,3.76,2.0,1.76,0.7572
Riley Greene,Detroit Tigers,Cincinnati Reds,Andrew Abbott,sp,0.287,0.28,0.21173138297872346,0.3219,0.2469,26,90,3.462,2.0,1.462,0.6962
Spencer Torkelson,Detroit Tigers,Cincinnati Reds,Andrew Abbott,sp,0.224,0.28,0.21173138297872346,0.2539,0.1904,25,78,3.12,2.0,1.12,0.5606
Blaze Alexander,Baltimore Orioles,Boston Red Sox,Brayan Bello,sp,0.283,0.291,0.2392894736842105,0.3294,0.2735,19,54,2.842,2.0,0.842,0.6564
Coby Mayo,Baltimore Orioles,Boston Red Sox,Brayan Bello,sp,0.222,0.291,0.2392894736842105,0.2621,0.2139,20,61,3.05,2.0,1.05,0.5771
Colton Cowser,Baltimore Orioles,Boston Red Sox,Brayan Bello,sp,0.204,0.291,0.2392894736842105,0.2418,0.1964,22,53,2.409,2.0,0.409,0.4743
Dylan Beavers,Baltimore Orioles,Boston Red Sox,Brayan Bello,sp,0.24,0.291,0.2392894736842105,0.2821,0.2315,19,62,3.263,2.0,1.263,0.6304
Gunnar Henderson,Baltimore Orioles,Boston Red Sox,Brayan Bello,sp,0.22,0.291,0.2392894736842105,0.2598,0.212,25,106,4.24,2.0,2.24,0.6787
Jeremiah Jackson,Baltimore Orioles,Boston Red Sox,Brayan Bello,sp,0.272,0.291,0.2392894736842105,0.3174,0.2627,23,78,3.391,2.0,1.391,0.6951
Leody Taveras,Baltimore Orioles,Boston Red Sox,Brayan Bello,sp,0.294,0.291,0.2392894736842105,0.3414,0.2843,21,52,2.476,2.0,0.476,0.6301
Pete Alonso,Baltimore Orioles,Boston Red Sox,Brayan Bello,sp,0.215,0.291,0.2392894736842105,0.2542,0.2071,25,94,3.76,2.0,1.76,0.6303
Samuel Basallo,Baltimore Orioles,Boston Red Sox,Brayan Bello,sp,0.223,0.291,0.2392894736842105,0.2632,0.2149,19,64,3.368,2.0,1.368,0.6101
Taylor Ward,Baltimore Orioles,Boston Red Sox,Brayan Bello,sp,0.287,0.291,0.2392894736842105,0.3338,0.2774,25,99,3.96,2.0,1.96,0.7652
Caleb Durbin,Boston Red Sox,Baltimore Orioles,Brandon Young,sp,0.212,0.196,0.21930201342281877,0.1659,0.1864,23,78,3.391,2.0,1.391,0.4778
Ceddanne Rafaela,Boston Red Sox,Baltimore Orioles,Brandon Young,sp,0.213,0.196,0.21930201342281877,0.1667,0.1873,24,74,3.083,2.0,1.083,0.4453
Jarren Duran,Boston Red Sox,Baltimore Orioles,Brandon Young,sp,0.214,0.196,0.21930201342281877,0.1675,0.1883,20,76,3.8,2.0,1.8,0.5239
Marcelo Mayer,Boston Red Sox,Baltimore Orioles,Brandon Young,sp,0.199,0.196,0.21930201342281877,0.1552,0.1747,21,59,2.81,2.0,0.81,0.3891
Roman Anthony,Boston Red Sox,Baltimore Orioles,Brandon Young,sp,0.26,0.196,0.21930201342281877,0.2062,0.2303,22,80,3.636,2.0,1.636,0.5894
Trevor Story,Boston Red Sox,Baltimore Orioles,Brandon Young,sp,0.216,0.196,0.21930201342281877,0.1692,0.1901,25,102,4.08,2.0,2.08,0.5548
Willson Contreras,Boston Red Sox,Baltimore Orioles,Brandon Young,sp,0.243,0.196,0.21930201342281877,0.1918,0.2147,24,84,3.5,2.0,1.5,0.5454
Wilyer Abreu,Boston Red Sox,Baltimore Orioles,Brandon Young,sp,0.274,0.196,0.21930201342281877,0.2181,0.2433,24,91,3.792,2.0,1.792,0.629
Andrés Giménez,Toronto Blue Jays,Cleveland Guardians,Gavin Williams,sp,0.241,0.184,0.22340483383685805,0.1784,0.2169,24,86,3.583,2.0,1.583,0.5416
Daulton Varsho,Toronto Blue Jays,Cleveland Guardians,Gavin Williams,sp,0.258,0.184,0.22340483383685805,0.1921,0.2327,22,76,3.455,2.0,1.455,0.556
Davis Schneider,Toronto Blue Jays,Cleveland Guardians,Gavin Williams,sp,0.183,0.184,0.22340483383685805,0.1328,0.1635,18,34,1.889,1.889,0.0,0.236
Ernie Clement,Toronto Blue Jays,Cleveland Guardians,Gavin Williams,sp,0.287,0.184,0.22340483383685805,0.2158,0.2599,24,100,4.167,2.0,2.167,0.6797
Jesús Sánchez,Toronto Blue Jays,Cleveland Guardians,Gavin Williams,sp,0.32,0.184,0.22340483383685805,0.2434,0.291,23,71,3.087,2.0,1.087,0.6061
Kazuma Okamoto,Toronto Blue Jays,Cleveland Guardians,Gavin Williams,sp,0.216,0.184,0.22340483383685805,0.1585,0.1938,23,87,3.783,2.0,1.783,0.5177
Myles Straw,Toronto Blue Jays,Cleveland Guardians,Gavin Williams,sp,0.367,0.184,0.22340483383685805,0.2839,0.3359,18,31,1.722,1.722,0.0,0.4373
Nathan Lukes,Toronto Blue Jays,Cleveland Guardians,Gavin Williams,sp,0.259,0.184,0.22340483383685805,0.1929,0.2337,19,51,2.684,2.0,0.684,0.457
Vladimir Guerrero Jr.,Toronto Blue Jays,Cleveland Guardians,Gavin Williams,sp,0.319,0.184,0.22340483383685805,0.2426,0.2901,24,89,3.708,2.0,1.708,0.6805
Angel Martínez,Cleveland Guardians,Toronto Blue Jays,Max Scherzer,sp,0.277,0.29,0.22384510869565216,0.3218,0.251,23,70,3.043,2.0,1.043,0.6597
Brayan Rocchio,Cleveland Guardians,Toronto Blue Jays,Max Scherzer,sp,0.272,0.29,0.22384510869565216,0.3164,0.2463,25,78,3.12,2.0,1.12,0.6595
Chase DeLauter,Cleveland Guardians,Toronto Blue Jays,Max Scherzer,sp,0.268,0.29,0.22384510869565216,0.312,0.2425,23,81,3.522,2.0,1.522,0.6898
Daniel Schneemann,Cleveland Guardians,Toronto Blue Jays,Max Scherzer,sp,0.277,0.29,0.22384510869565216,0.3218,0.251,20,58,2.9,2.0,0.9,0.6454
José Ramírez,Cleveland Guardians,Toronto Blue Jays,Max Scherzer,sp,0.298,0.29,0.22384510869565216,0.3446,0.2707,26,94,3.615,2.0,1.615,0.742
Kyle Manzardo,Cleveland Guardians,Toronto Blue Jays,Max Scherzer,sp,0.21,0.29,0.22384510869565216,0.2477,0.1886,22,72,3.273,2.0,1.273,0.5663
Steven Kwan,Cleveland Guardians,Toronto Blue Jays,Max Scherzer,sp,0.238,0.29,0.22384510869565216,0.2789,0.2145,25,97,3.88,2.0,1.88,0.6697
Bo Bichette,New York Mets,Colorado Rockies,Michael Lorenzen,sp,0.284,0.321,0.23226624737945492,0.3625,0.2668,25,105,4.2,2.0,2.2,0.7947
Brett Baty,New York Mets,Colorado Rockies,Michael Lorenzen,sp,0.238,0.321,0.23226624737945492,0.3093,0.2227,22,71,3.227,2.0,1.227,0.6498
Carson Benge,New York Mets,Colorado Rockies,Michael Lorenzen,sp,0.203,0.321,0.23226624737945492,0.2675,0.1894,22,69,3.136,2.0,1.136,0.5773
Francisco Alvarez,New York Mets,Colorado Rockies,Michael Lorenzen,sp,0.249,0.321,0.23226624737945492,0.3222,0.2332,23,66,2.87,2.0,0.87,0.6353
Luis Robert Jr.,New York Mets,Colorado Rockies,Michael Lorenzen,sp,0.252,0.321,0.23226624737945492,0.3257,0.2361,23,82,3.565,2.0,1.565,0.7017
Marcus Semien,New York Mets,Colorado Rockies,Michael Lorenzen,sp,0.235,0.321,0.23226624737945492,0.3057,0.2198,25,88,3.52,2.0,1.52,0.6694
Mark Vientos,New York Mets,Colorado Rockies,Michael Lorenzen,sp,0.232,0.321,0.23226624737945492,0.3022,0.217,20,62,3.1,2.0,1.1,0.628
Brenton Doyle,Colorado Rockies,New York Mets,Freddy Peralta,sp,0.204,0.232,0.25877300613496934,0.1901,0.2134,25,70,2.8,2.0,0.8,0.4587
Edouard Julien,Colorado Rockies,New York Mets,Freddy Peralta,sp,0.269,0.232,0.25877300613496934,0.2521,0.2803,23,66,2.87,2.0,0.87,0.5798
Ezequiel Tovar,Colorado Rockies,New York Mets,Freddy Peralta,sp,0.249,0.232,0.25877300613496934,0.233,0.2598,26,93,3.577,2.0,1.577,0.6339
Hunter Goodman,Colorado Rockies,New York Mets,Freddy Peralta,sp,0.226,0.232,0.25877300613496934,0.211,0.2361,24,87,3.625,2.0,1.625,0.5981
Jake McCarthy,Colorado Rockies,New York Mets,Freddy Peralta,sp,0.231,0.232,0.25877300613496934,0.2158,0.2413,20,47,2.35,2.0,0.35,0.4417
Kyle Karros,Colorado Rockies,New York Mets,Freddy Peralta,sp,0.281,0.232,0.25877300613496934,0.2636,0.2926,26,70,2.692,2.0,0.692,0.5732
TJ Rumfield,Colorado Rockies,New York Mets,Freddy Peralta,sp,0.279,0.232,0.25877300613496934,0.2617,0.2906,26,91,3.5,2.0,1.5,0.6743
Troy Johnston,Colorado Rockies,New York Mets,Freddy Peralta,sp,0.28,0.232,0.25877300613496934,0.2627,0.2916,23,77,3.348,2.0,1.348,0.6584
Willi Castro,Colorado Rockies,New York Mets,Freddy Peralta,sp,0.213,0.232,0.25877300613496934,0.1987,0.2227,21,69,3.286,2.0,1.286,0.5356
Ben Williamson,Tampa Bay Rays,Minnesota Twins,Taj Bradley,sp,0.239,0.234,0.2495411764705882,0.2254,0.2405,21,62,2.952,2.0,0.952,0.5382
Cedric Mullins,Tampa Bay Rays,Minnesota Twins,Taj Bradley,sp,0.156,0.234,0.2495411764705882,0.1462,0.1571,21,77,3.667,2.0,1.667,0.4517
Chandler Simpson,Tampa Bay Rays,Minnesota Twins,Taj Bradley,sp,0.288,0.234,0.2495411764705882,0.2726,0.2897,24,96,4.0,2.0,2.0,0.733
Jonathan Aranda,Tampa Bay Rays,Minnesota Twins,Taj Bradley,sp,0.231,0.234,0.2495411764705882,0.2177,0.2325,24,85,3.542,2.0,1.542,0.5931
Jonny DeLuca,Tampa Bay Rays,Minnesota Twins,Taj Bradley,sp,0.285,0.234,0.2495411764705882,0.2697,0.2867,18,50,2.778,2.0,0.778,0.5899
Junior Caminero,Tampa Bay Rays,Minnesota Twins,Taj Bradley,sp,0.275,0.234,0.2495411764705882,0.26,0.2766,24,96,4.0,2.0,2.0,0.7134
Nick Fortes,Tampa Bay Rays,Minnesota Twins,Taj Bradley,sp,0.284,0.234,0.2495411764705882,0.2687,0.2857,19,62,3.263,2.0,1.263,0.6503
Yandy Díaz,Tampa Bay Rays,Minnesota Twins,Taj Bradley,sp,0.292,0.234,0.2495411764705882,0.2764,0.2937,24,94,3.917,2.0,1.917,0.7312
Austin Martin,Minnesota Twins,Tampa Bay Rays,Drew Rasmussen,sp,0.278,0.211,0.27204889975550123,0.2379,0.3038,23,49,2.13,2.0,0.13,0.4459
Brooks Lee,Minnesota Twins,Tampa Bay Rays,Drew Rasmussen,sp,0.214,0.211,0.27204889975550123,0.1809,0.2358,23,76,3.304,2.0,1.304,0.5275
Byron Buxton,Minnesota Twins,Tampa Bay Rays,Drew Rasmussen,sp,0.214,0.211,0.27204889975550123,0.1809,0.2358,23,96,4.174,2.0,2.174,0.6261
James Outman,Minnesota Twins,Tampa Bay Rays,Drew Rasmussen,sp,0.091,0.211,0.27204889975550123,0.0751,0.1019,20,22,1.1,1.1,0.0,0.0823
Josh Bell,Minnesota Twins,Tampa Bay Rays,Drew Rasmussen,sp,0.248,0.211,0.27204889975550123,0.211,0.272,25,87,3.48,2.0,1.48,0.6109
Luke Keaschall,Minnesota Twins,Tampa Bay Rays,Drew Rasmussen,sp,0.227,0.211,0.27204889975550123,0.1923,0.2497,25,99,3.96,2.0,1.96,0.6285
Matt Wallner,Minnesota Twins,Tampa Bay Rays,Drew Rasmussen,sp,0.227,0.211,0.27204889975550123,0.1923,0.2497,22,79,3.591,2.0,1.591,0.587
Ryan Jeffers,Minnesota Twins,Tampa Bay Rays,Drew Rasmussen,sp,0.244,0.211,0.27204889975550123,0.2074,0.2678,19,60,3.158,2.0,1.158,0.5621
Trevor Larnach,Minnesota Twins,Tampa Bay Rays,Drew Rasmussen,sp,0.262,0.211,0.27204889975550123,0.2235,0.2869,19,46,2.421,2.0,0.421,0.4771
Victor Caratini,Minnesota Twins,Tampa Bay Rays,Drew Rasmussen,sp,0.288,0.211,0.27204889975550123,0.247,0.3143,19,64,3.368,2.0,1.368,0.6616
Austin Riley,Atlanta Braves,Philadelphia Phillies,Andrew Painter,sp,0.23,0.235,0.21525874125874123,0.2177,0.199,26,99,3.808,2.0,1.808,0.5903
Drake Baldwin,Atlanta Braves,Philadelphia Phillies,Andrew Painter,sp,0.291,0.235,0.21525874125874123,0.2766,0.2545,26,107,4.115,2.0,2.115,0.7188
Matt Olson,Atlanta Braves,Philadelphia Phillies,Andrew Painter,sp,0.237,0.235,0.21525874125874123,0.2244,0.2053,26,103,3.962,2.0,1.962,0.6168
Mauricio Dubón,Atlanta Braves,Philadelphia Phillies,Andrew Painter,sp,0.249,0.235,0.21525874125874123,0.236,0.2162,24,89,3.708,2.0,1.708,0.615
Michael Harris II,Atlanta Braves,Philadelphia Phillies,Andrew Painter,sp,0.352,0.235,0.21525874125874123,0.336,0.3112,24,85,3.542,2.0,1.542,0.7519
Mike Yastrzemski,Atlanta Braves,Philadelphia Phillies,Andrew Painter,sp,0.21,0.235,0.21525874125874123,0.1985,0.1811,24,77,3.208,2.0,1.208,0.4954
Ozzie Albies,Atlanta Braves,Philadelphia Phillies,Andrew Painter,sp,0.243,0.235,0.21525874125874123,0.2302,0.2107,26,101,3.885,2.0,1.885,0.6206
Ronald Acuña Jr.,Atlanta Braves,Philadelphia Phillies,Andrew Painter,sp,0.265,0.235,0.21525874125874123,0.2514,0.2307,26,99,3.808,2.0,1.808,0.6512
Adolis García,Philadelphia Phillies,Atlanta Braves,Grant Holmes,sp,0.23,0.224,0.2281340579710145,0.2073,0.2112,25,86,3.44,2.0,1.44,0.5535
Alec Bohm,Philadelphia Phillies,Atlanta Braves,Grant Holmes,sp,0.22,0.224,0.2281340579710145,0.198,0.2018,24,86,3.583,2.0,1.583,0.5498
Brandon Marsh,Philadelphia Phillies,Atlanta Braves,Grant Holmes,sp,0.288,0.224,0.2281340579710145,0.2615,0.2661,22,80,3.636,2.0,1.636,0.6712
Bryce Harper,Philadelphia Phillies,Atlanta Braves,Grant Holmes,sp,0.285,0.224,0.2281340579710145,0.2587,0.2632,25,92,3.68,2.0,1.68,0.671
Bryson Stott,Philadelphia Phillies,Atlanta Braves,Grant Holmes,sp,0.261,0.224,0.2281340579710145,0.2361,0.2404,19,67,3.526,2.0,1.526,0.6164
Justin Crawford,Philadelphia Phillies,Atlanta Braves,Grant Holmes,sp,0.234,0.224,0.2281340579710145,0.211,0.2149,22,69,3.136,2.0,1.136,0.5271
Kyle Schwarber,Philadelphia Phillies,Atlanta Braves,Grant Holmes,sp,0.218,0.224,0.2281340579710145,0.1961,0.1999,25,91,3.64,2.0,1.64,0.5517
Trea Turner,Philadelphia Phillies,Atlanta Braves,Grant Holmes,sp,0.237,0.224,0.2281340579710145,0.2138,0.2178,25,102,4.08,2.0,2.08,0.6292
Bobby Witt Jr.,Kansas City Royals,Los Angeles Angels,Yusei Kikuchi,sp,0.314,0.266,0.21878536585365857,0.3347,0.2799,25,95,3.8,2.0,1.8,0.7549
Carter Jensen,Kansas City Royals,Los Angeles Angels,Yusei Kikuchi,sp,0.239,0.266,0.21878536585365857,0.2566,0.2105,23,69,3.0,2.0,1.0,0.5637
Isaac Collins,Kansas City Royals,Los Angeles Angels,Yusei Kikuchi,sp,0.156,0.266,0.21878536585365857,0.1688,0.1357,20,60,3.0,2.0,1.0,0.4029
Jac Caglianone,Kansas City Royals,Los Angeles Angels,Yusei Kikuchi,sp,0.265,0.266,0.21878536585365857,0.2838,0.2344,22,75,3.409,2.0,1.409,0.6479
Kyle Isbel,Kansas City Royals,Los Angeles Angels,Yusei Kikuchi,sp,0.239,0.266,0.21878536585365857,0.2566,0.2105,21,62,2.952,2.0,0.952,0.5587
Lane Thomas,Kansas City Royals,Los Angeles Angels,Yusei Kikuchi,sp,0.226,0.266,0.21878536585365857,0.2429,0.1987,20,45,2.25,2.0,0.25,0.4577
Maikel Garcia,Kansas City Royals,Los Angeles Angels,Yusei Kikuchi,sp,0.274,0.266,0.21878536585365857,0.2932,0.2427,25,98,3.92,2.0,1.92,0.7071
Salvador Perez,Kansas City Royals,Los Angeles Angels,Yusei Kikuchi,sp,0.22,0.266,0.21878536585365857,0.2366,0.1932,24,93,3.875,2.0,1.875,0.6103
Vinnie Pasquantino,Kansas City Royals,Los Angeles Angels,Yusei Kikuchi,sp,0.213,0.266,0.21878536585365857,0.2292,0.1869,25,94,3.76,2.0,1.76,0.5872
Bryce Teodosio,Los Angeles Angels,Kansas City Royals,Noah Cameron,sp,0.11,0.31,0.2372842465753425,0.1441,0.1044,21,25,1.19,1.19,0.0,0.169
Jo Adell,Los Angeles Angels,Kansas City Royals,Noah Cameron,sp,0.266,0.31,0.2372842465753425,0.3305,0.2548,26,104,4.0,2.0,2.0,0.7511
Jorge Soler,Los Angeles Angels,Kansas City Royals,Noah Cameron,sp,0.216,0.31,0.2372842465753425,0.2729,0.2063,22,79,3.591,2.0,1.591,0.6339
Josh Lowe,Los Angeles Angels,Kansas City Royals,Noah Cameron,sp,0.163,0.31,0.2372842465753425,0.2097,0.1552,23,64,2.783,2.0,0.783,0.4527
Logan O'Hoppe,Los Angeles Angels,Kansas City Royals,Noah Cameron,sp,0.184,0.31,0.2372842465753425,0.235,0.1754,24,72,3.0,2.0,1.0,0.5174
Mike Trout,Los Angeles Angels,Kansas City Royals,Noah Cameron,sp,0.287,0.31,0.2372842465753425,0.3542,0.2752,25,88,3.52,2.0,1.52,0.7443
Nolan Schanuel,Los Angeles Angels,Kansas City Royals,Noah Cameron,sp,0.252,0.31,0.2372842465753425,0.3146,0.2412,23,92,4.0,2.0,2.0,0.7295
Oswald Peraza,Los Angeles Angels,Kansas City Royals,Noah Cameron,sp,0.267,0.31,0.2372842465753425,0.3317,0.2557,23,68,2.957,2.0,0.957,0.6633
Yoán Moncada,Los Angeles Angels,Kansas City Royals,Noah Cameron,sp,0.15,0.31,0.2372842465753425,0.1938,0.1427,22,68,3.091,2.0,1.091,0.4505
Zach Neto,Los Angeles Angels,Kansas City Royals,Noah Cameron,sp,0.211,0.31,0.2372842465753425,0.267,0.2015,26,101,3.885,2.0,1.885,0.6484
Andrew Benintendi,Chicago White Sox,Washington Nationals,Miles Mikolas,sp,0.244,0.259,0.273059649122807,0.2549,0.2688,23,74,3.217,2.0,1.217,0.6207
Chase Meidroth,Chicago White Sox,Washington Nationals,Miles Mikolas,sp,0.253,0.259,0.273059649122807,0.2641,0.2784,23,87,3.783,2.0,1.783,0.6973
Colson Montgomery,Chicago White Sox,Washington Nationals,Miles Mikolas,sp,0.209,0.259,0.273059649122807,0.2188,0.2313,25,89,3.56,2.0,1.56,0.5951
Derek Hill,Chicago White Sox,Washington Nationals,Miles Mikolas,sp,0.266,0.259,0.273059649122807,0.2775,0.2922,19,28,1.474,1.474,0.0,0.3807
Edgar Quero,Chicago White Sox,Washington Nationals,Miles Mikolas,sp,0.185,0.259,0.273059649122807,0.1939,0.2054,20,56,2.8,2.0,0.8,0.4594
Luisangel Acuña,Chicago White Sox,Washington Nationals,Miles Mikolas,sp,0.229,0.259,0.273059649122807,0.2394,0.2528,20,63,3.15,2.0,1.15,0.5862
Miguel Vargas,Chicago White Sox,Washington Nationals,Miles Mikolas,sp,0.241,0.259,0.273059649122807,0.2518,0.2656,24,87,3.625,2.0,1.625,0.661
Munetaka Murakami,Chicago White Sox,Washington Nationals,Miles Mikolas,sp,0.251,0.259,0.273059649122807,0.2621,0.2763,25,87,3.48,2.0,1.48,0.6626
Tristan Peters,Chicago White Sox,Washington Nationals,Miles Mikolas,sp,0.216,0.259,0.273059649122807,0.226,0.2389,22,53,2.409,2.0,0.409,0.4642
Brady House,Washington Nationals,Chicago White Sox,Bryan Hudson,sp,0.243,0.257,0.24608888888888888,0.2519,0.2411,24,92,3.833,2.0,1.833,0.6625
CJ Abrams,Washington Nationals,Chicago White Sox,Bryan Hudson,sp,0.292,0.257,0.24608888888888888,0.302,0.2899,25,89,3.56,2.0,1.56,0.7144
Daylen Lile,Washington Nationals,Chicago White Sox,Bryan Hudson,sp,0.315,0.257,0.24608888888888888,0.3254,0.3128,25,105,4.2,2.0,2.2,0.8006
Jacob Young,Washington Nationals,Chicago White Sox,Bryan Hudson,sp,0.293,0.257,0.24608888888888888,0.303,0.2909,24,80,3.333,2.0,1.333,0.6928
James Wood,Washington Nationals,Chicago White Sox,Bryan Hudson,sp,0.278,0.257,0.24608888888888888,0.2877,0.2759,26,102,3.923,2.0,1.923,0.7273
Jorbit Vivas,Washington Nationals,Chicago White Sox,Bryan Hudson,sp,0.261,0.257,0.24608888888888888,0.2703,0.259,20,50,2.5,2.0,0.5,0.5416
Luis García Jr.,Washington Nationals,Chicago White Sox,Bryan Hudson,sp,0.251,0.257,0.24608888888888888,0.2601,0.2491,25,82,3.28,2.0,1.28,0.6206
Nasim Nuñez,Washington Nationals,Chicago White Sox,Bryan Hudson,sp,0.211,0.257,0.24608888888888888,0.219,0.2093,23,75,3.261,2.0,1.261,0.5464
Brandon Lockridge,Milwaukee Brewers,Pittsburgh Pirates,Paul Skenes,sp,0.209,0.173,0.23421703296703295,0.1435,0.1968,20,62,3.1,2.0,1.1,0.4236
Brice Turang,Milwaukee Brewers,Pittsburgh Pirates,Paul Skenes,sp,0.276,0.173,0.23421703296703295,0.1947,0.2612,22,82,3.727,2.0,1.727,0.6155
David Hamilton,Milwaukee Brewers,Pittsburgh Pirates,Paul Skenes,sp,0.211,0.173,0.23421703296703295,0.145,0.1987,19,57,3.0,2.0,1.0,0.4142
Garrett Mitchell,Milwaukee Brewers,Pittsburgh Pirates,Paul Skenes,sp,0.215,0.173,0.23421703296703295,0.148,0.2026,22,59,2.682,2.0,0.682,0.378
Gary Sánchez,Milwaukee Brewers,Pittsburgh Pirates,Paul Skenes,sp,0.246,0.173,0.23421703296703295,0.1715,0.2323,18,55,3.056,2.0,1.056,0.4808
Jake Bauers,Milwaukee Brewers,Pittsburgh Pirates,Paul Skenes,sp,0.275,0.173,0.23421703296703295,0.1939,0.2602,22,76,3.455,2.0,1.455,0.5809
Joey Ortiz,Milwaukee Brewers,Pittsburgh Pirates,Paul Skenes,sp,0.201,0.173,0.23421703296703295,0.1376,0.1892,20,57,2.85,2.0,0.85,0.3777
Luis Rengifo,Milwaukee Brewers,Pittsburgh Pirates,Paul Skenes,sp,0.214,0.173,0.23421703296703295,0.1473,0.2016,20,67,3.35,2.0,1.35,0.4635
Sal Frelick,Milwaukee Brewers,Pittsburgh Pirates,Paul Skenes,sp,0.217,0.173,0.23421703296703295,0.1495,0.2045,23,76,3.304,2.0,1.304,0.4632
William Contreras,Milwaukee Brewers,Pittsburgh Pirates,Paul Skenes,sp,0.278,0.173,0.23421703296703295,0.1963,0.2631,22,86,3.909,2.0,1.909,0.6394
Brandon Lowe,Pittsburgh Pirates,Milwaukee Brewers,Brandon Woodruff,sp,0.249,0.215,0.2501304347826087,0.2159,0.2511,21,84,4.0,2.0,2.0,0.6552
Bryan Reynolds,Pittsburgh Pirates,Milwaukee Brewers,Brandon Woodruff,sp,0.247,0.215,0.2501304347826087,0.2141,0.2491,25,91,3.64,2.0,1.64,0.6139
Henry Davis,Pittsburgh Pirates,Milwaukee Brewers,Brandon Woodruff,sp,0.168,0.215,0.2501304347826087,0.1436,0.1696,19,48,2.526,2.0,0.526,0.3349
Jake Mangum,Pittsburgh Pirates,Milwaukee Brewers,Brandon Woodruff,sp,0.281,0.215,0.2501304347826087,0.245,0.2833,19,51,2.684,2.0,0.684,0.5461
Konnor Griffin,Pittsburgh Pirates,Milwaukee Brewers,Brandon Woodruff,sp,0.186,0.215,0.2501304347826087,0.1595,0.1877,19,66,3.474,2.0,1.474,0.48
Marcell Ozuna,Pittsburgh Pirates,Milwaukee Brewers,Brandon Woodruff,sp,0.23,0.215,0.2501304347826087,0.1988,0.232,20,80,4.0,2.0,2.0,0.6214
Nick Gonzales,Pittsburgh Pirates,Milwaukee Brewers,Brandon Woodruff,sp,0.286,0.215,0.2501304347826087,0.2496,0.2883,22,77,3.5,2.0,1.5,0.6619
Oneil Cruz,Pittsburgh Pirates,Milwaukee Brewers,Brandon Woodruff,sp,0.278,0.215,0.2501304347826087,0.2423,0.2803,25,102,4.08,2.0,2.08,0.7104
Ryan O'Hearn,Pittsburgh Pirates,Milwaukee Brewers,Brandon Woodruff,sp,0.309,0.215,0.2501304347826087,0.2708,0.3114,23,80,3.478,2.0,1.478,0.6937
Spencer Horwitz,Pittsburgh Pirates,Milwaukee Brewers,Brandon Woodruff,sp,0.205,0.215,0.2501304347826087,0.1764,0.2069,22,62,2.818,2.0,0.818,0.4388
Brandon Nimmo,Texas Rangers,Athletics,Luis Severino,sp,0.293,0.248,0.2507905604719764,0.293,0.2961,25,102,4.08,2.0,2.08,0.7592
Corey Seager,Texas Rangers,Athletics,Luis Severino,sp,0.235,0.248,0.2507905604719764,0.235,0.2377,24,87,3.625,2.0,1.625,0.6235
Evan Carter,Texas Rangers,Athletics,Luis Severino,sp,0.241,0.248,0.2507905604719764,0.241,0.2437,25,74,2.96,2.0,0.96,0.5594
Ezequiel Duran,Texas Rangers,Athletics,Luis Severino,sp,0.243,0.248,0.2507905604719764,0.243,0.2458,19,50,2.632,2.0,0.632,0.5205
Jake Burger,Texas Rangers,Athletics,Luis Severino,sp,0.235,0.248,0.2507905604719764,0.235,0.2377,25,100,4.0,2.0,2.0,0.6599
Joc Pederson,Texas Rangers,Athletics,Luis Severino,sp,0.208,0.248,0.2507905604719764,0.208,0.2105,23,55,2.391,2.0,0.391,0.4281
Josh Jung,Texas Rangers,Athletics,Luis Severino,sp,0.299,0.248,0.2507905604719764,0.299,0.3021,22,79,3.591,2.0,1.591,0.7227
Josh Smith,Texas Rangers,Athletics,Luis Severino,sp,0.219,0.248,0.2507905604719764,0.219,0.2216,24,72,3.0,2.0,1.0,0.5252
Carlos Cortes,Athletics,Texas Rangers,Nathan Eovaldi,sp,0.353,0.261,0.2057661870503597,0.3688,0.3,19,52,2.737,2.0,0.737,0.6937
Jacob Wilson,Athletics,Texas Rangers,Nathan Eovaldi,sp,0.264,0.261,0.2057661870503597,0.2775,0.2198,24,104,4.333,2.0,2.333,0.7075
Jeff McNeil,Athletics,Texas Rangers,Nathan Eovaldi,sp,0.302,0.261,0.2057661870503597,0.3166,0.2537,24,75,3.125,2.0,1.125,0.664
Lawrence Butler,Athletics,Texas Rangers,Nathan Eovaldi,sp,0.252,0.261,0.2057661870503597,0.2651,0.2093,24,78,3.25,2.0,1.25,0.5973
Max Muncy,Athletics,Texas Rangers,Nathan Eovaldi,sp,0.239,0.261,0.2057661870503597,0.2517,0.1979,24,86,3.583,2.0,1.583,0.605
Nick Kurtz,Athletics,Texas Rangers,Nathan Eovaldi,sp,0.259,0.261,0.2057661870503597,0.2724,0.2154,24,83,3.458,2.0,1.458,0.6283
Shea Langeliers,Athletics,Texas Rangers,Nathan Eovaldi,sp,0.284,0.261,0.2057661870503597,0.2981,0.2376,24,98,4.083,2.0,2.083,0.72
Tyler Soderstrom,Athletics,Texas Rangers,Nathan Eovaldi,sp,0.237,0.261,0.2057661870503597,0.2496,0.1962,25,96,3.84,2.0,1.84,0.6232
Cam Smith,Houston Astros,New York Yankees,Will Warren,sp,0.275,0.251,0.23543465045592704,0.2782,0.2615,26,88,3.385,2.0,1.385,0.6576
Carlos Correa,Houston Astros,New York Yankees,Will Warren,sp,0.292,0.251,0.23543465045592704,0.2953,0.278,23,88,3.826,2.0,1.826,0.726
Christian Walker,Houston Astros,New York Yankees,Will Warren,sp,0.253,0.251,0.23543465045592704,0.256,0.2403,26,91,3.5,2.0,1.5,0.6335
Isaac Paredes,Houston Astros,New York Yankees,Will Warren,sp,0.215,0.251,0.23543465045592704,0.2177,0.2037,21,75,3.571,2.0,1.571,0.5721
Jose Altuve,Houston Astros,New York Yankees,Will Warren,sp,0.261,0.251,0.23543465045592704,0.2641,0.248,25,98,3.92,2.0,1.92,0.6867
Yordan Alvarez,Houston Astros,New York Yankees,Will Warren,sp,0.369,0.251,0.23543465045592704,0.3727,0.3532,26,95,3.654,2.0,1.654,0.8086
Aaron Judge,New York Yankees,Houston Astros,Lance McCullers Jr.,sp,0.267,0.253,0.2224865350089767,0.2722,0.2402,25,91,3.64,2.0,1.64,0.6624
Austin Wells,New York Yankees,Houston Astros,Lance McCullers Jr.,sp,0.231,0.253,0.2224865350089767,0.2358,0.2068,21,61,2.905,2.0,0.905,0.5265
Ben Rice,New York Yankees,Houston Astros,Lance McCullers Jr.,sp,0.281,0.253,0.2224865350089767,0.2864,0.2532,24,74,3.083,2.0,1.083,0.6288
Cody Bellinger,New York Yankees,Houston Astros,Lance McCullers Jr.,sp,0.279,0.253,0.2224865350089767,0.2844,0.2514,24,85,3.542,2.0,1.542,0.6723
Giancarlo Stanton,New York Yankees,Houston Astros,Lance McCullers Jr.,sp,0.246,0.253,0.2224865350089767,0.251,0.2206,23,87,3.783,2.0,1.783,0.6403
Jazz Chisholm Jr.,New York Yankees,Houston Astros,Lance McCullers Jr.,sp,0.165,0.253,0.2224865350089767,0.1687,0.1464,24,85,3.542,2.0,1.542,0.4586
José Caballero,New York Yankees,Houston Astros,Lance McCullers Jr.,sp,0.225,0.253,0.2224865350089767,0.2297,0.2012,24,84,3.5,2.0,1.5,0.5764
Ryan McMahon,New York Yankees,Houston Astros,Lance McCullers Jr.,sp,0.166,0.253,0.2224865350089767,0.1697,0.1473,23,49,2.13,2.0,0.13,0.3247
Trent Grisham,New York Yankees,Houston Astros,Lance McCullers Jr.,sp,0.228,0.253,0.2224865350089767,0.2327,0.204,24,72,3.0,2.0,1.0,0.5314
Alec Burleson,St. Louis Cardinals,Seattle Mariners,George Kirby,sp,0.284,0.221,0.26216778523489936,0.2544,0.2994,23,90,3.913,2.0,1.913,0.7186
Iván Herrera,St. Louis Cardinals,Seattle Mariners,George Kirby,sp,0.281,0.221,0.26216778523489936,0.2516,0.2963,24,87,3.625,2.0,1.625,0.6836
JJ Wetherholt,St. Louis Cardinals,Seattle Mariners,George Kirby,sp,0.196,0.221,0.26216778523489936,0.1734,0.208,24,87,3.625,2.0,1.625,0.5322
Jordan Walker,St. Louis Cardinals,Seattle Mariners,George Kirby,sp,0.278,0.221,0.26216778523489936,0.2488,0.2932,23,89,3.87,2.0,1.87,0.7051
Masyn Winn,St. Louis Cardinals,Seattle Mariners,George Kirby,sp,0.247,0.221,0.26216778523489936,0.2201,0.2611,19,70,3.684,2.0,1.684,0.6346
Nathan Church,St. Louis Cardinals,Seattle Mariners,George Kirby,sp,0.216,0.221,0.26216778523489936,0.1916,0.2289,21,55,2.619,2.0,0.619,0.4436
Nolan Gorman,St. Louis Cardinals,Seattle Mariners,George Kirby,sp,0.182,0.221,0.26216778523489936,0.1607,0.1934,23,77,3.348,2.0,1.348,0.4728
Ramón Urías,St. Louis Cardinals,Seattle Mariners,George Kirby,sp,0.189,0.221,0.26216778523489936,0.167,0.2007,19,43,2.263,2.0,0.263,0.3458
Victor Scott II,St. Louis Cardinals,Seattle Mariners,George Kirby,sp,0.215,0.221,0.26216778523489936,0.1907,0.2279,24,61,2.542,2.0,0.542,0.4307
Cal Raleigh,Seattle Mariners,St. Louis Cardinals,Andre Pallante,sp,0.209,0.265,0.25999197860962564,0.2241,0.2197,26,101,3.885,2.0,1.885,0.6228
Cole Young,Seattle Mariners,St. Louis Cardinals,Andre Pallante,sp,0.248,0.265,0.25999197860962564,0.265,0.26,26,90,3.462,2.0,1.462,0.6522
Dominic Canzone,Seattle Mariners,St. Louis Cardinals,Andre Pallante,sp,0.304,0.265,0.25999197860962564,0.3232,0.3176,21,54,2.571,2.0,0.571,0.6317
Josh Naylor,Seattle Mariners,St. Louis Cardinals,Andre Pallante,sp,0.244,0.265,0.25999197860962564,0.2608,0.2559,24,93,3.875,2.0,1.875,0.6861
Julio Rodríguez,Seattle Mariners,St. Louis Cardinals,Andre Pallante,sp,0.238,0.265,0.25999197860962564,0.2545,0.2497,26,98,3.769,2.0,1.769,0.6657
Leo Rivas,Seattle Mariners,St. Louis Cardinals,Andre Pallante,sp,0.153,0.265,0.25999197860962564,0.1649,0.1614,20,60,3.0,2.0,1.0,0.4152
Luke Raley,Seattle Mariners,St. Louis Cardinals,Andre Pallante,sp,0.314,0.265,0.25999197860962564,0.3335,0.3278,24,72,3.0,2.0,1.0,0.7014
Randy Arozarena,Seattle Mariners,St. Louis Cardinals,Andre Pallante,sp,0.271,0.265,0.25999197860962564,0.289,0.2837,26,93,3.577,2.0,1.577,0.7013
Alex Freeland,Los Angeles Dodgers,Chicago Cubs,Jameson Taillon,sp,0.236,0.228,0.23888983050847457,0.2167,0.2272,20,61,3.05,2.0,1.05,0.5319
Andy Pages,Los Angeles Dodgers,Chicago Cubs,Jameson Taillon,sp,0.299,0.228,0.23888983050847457,0.2764,0.2887,25,89,3.56,2.0,1.56,0.6922
Freddie Freeman,Los Angeles Dodgers,Chicago Cubs,Jameson Taillon,sp,0.321,0.228,0.23888983050847457,0.2974,0.3103,23,91,3.957,2.0,1.957,0.7614
Kyle Tucker,Los Angeles Dodgers,Chicago Cubs,Jameson Taillon,sp,0.222,0.228,0.23888983050847457,0.2035,0.2136,24,94,3.917,2.0,1.917,0.5998
Max Muncy,Los Angeles Dodgers,Chicago Cubs,Jameson Taillon,sp,0.284,0.228,0.23888983050847457,0.2621,0.274,24,85,3.542,2.0,1.542,0.6677
Shohei Ohtani,Los Angeles Dodgers,Chicago Cubs,Jameson Taillon,sp,0.261,0.228,0.23888983050847457,0.2403,0.2516,25,94,3.76,2.0,1.76,0.6535
Teoscar Hernández,Los Angeles Dodgers,Chicago Cubs,Jameson Taillon,sp,0.241,0.228,0.23888983050847457,0.2214,0.2321,22,82,3.727,2.0,1.727,0.6158
Will Smith,Los Angeles Dodgers,Chicago Cubs,Jameson Taillon,sp,0.252,0.228,0.23888983050847457,0.2318,0.2428,23,75,3.261,2.0,1.261,0.5844
Alex Bregman,Chicago Cubs,Los Angeles Dodgers,Emmet Sheehan,sp,0.246,0.267,0.22640444444444444,0.2649,0.2245,25,104,4.16,2.0,2.16,0.688
Carson Kelly,Chicago Cubs,Los Angeles Dodgers,Emmet Sheehan,sp,0.298,0.267,0.22640444444444444,0.3192,0.2736,20,63,3.15,2.0,1.15,0.6791
Dansby Swanson,Chicago Cubs,Los Angeles Dodgers,Emmet Sheehan,sp,0.219,0.267,0.22640444444444444,0.2365,0.1993,25,83,3.32,2.0,1.32,0.5653
Ian Happ,Chicago Cubs,Los Angeles Dodgers,Emmet Sheehan,sp,0.223,0.267,0.22640444444444444,0.2407,0.203,23,92,4.0,2.0,2.0,0.6338
Matt Shaw,Chicago Cubs,Los Angeles Dodgers,Emmet Sheehan,sp,0.297,0.267,0.22640444444444444,0.3182,0.2727,22,59,2.682,2.0,0.682,0.6259
Michael Busch,Chicago Cubs,Los Angeles Dodgers,Emmet Sheehan,sp,0.208,0.267,0.22640444444444444,0.2249,0.189,24,91,3.792,2.0,1.792,0.5873
Moisés Ballesteros,Chicago Cubs,Los Angeles Dodgers,Emmet Sheehan,sp,0.296,0.267,0.22640444444444444,0.3171,0.2717,22,51,2.318,2.0,0.318,0.5784
Nico Hoerner,Chicago Cubs,Los Angeles Dodgers,Emmet Sheehan,sp,0.278,0.267,0.22640444444444444,0.2984,0.2547,25,102,4.08,2.0,2.08,0.7329
Pete Crow-Armstrong,Chicago Cubs,Los Angeles Dodgers,Emmet Sheehan,sp,0.216,0.267,0.22640444444444444,0.2333,0.1965,25,95,3.8,2.0,1.8,0.6035
Casey Schmitt,San Francisco Giants,Miami Marlins,Sandy Alcantara,sp,0.254,0.203,0.18534857142857142,0.2082,0.1902,19,71,3.737,2.0,1.737,0.5654
Heliot Ramos,San Francisco Giants,Miami Marlins,Sandy Alcantara,sp,0.254,0.203,0.18534857142857142,0.2082,0.1902,24,87,3.625,2.0,1.625,0.555
Jung Hoo Lee,San Francisco Giants,Miami Marlins,Sandy Alcantara,sp,0.282,0.203,0.18534857142857142,0.2327,0.2132,25,87,3.48,2.0,1.48,0.5871
Luis Arraez,San Francisco Giants,Miami Marlins,Sandy Alcantara,sp,0.288,0.203,0.18534857142857142,0.238,0.2182,24,92,3.833,2.0,1.833,0.6302
Matt Chapman,San Francisco Giants,Miami Marlins,Sandy Alcantara,sp,0.24,0.203,0.18534857142857142,0.1961,0.1789,25,98,3.92,2.0,1.92,0.5574
Patrick Bailey,San Francisco Giants,Miami Marlins,Sandy Alcantara,sp,0.225,0.203,0.18534857142857142,0.1832,0.1669,20,61,3.05,2.0,1.05,0.4492
Rafael Devers,San Francisco Giants,Miami Marlins,Sandy Alcantara,sp,0.228,0.203,0.18534857142857142,0.1857,0.1693,25,100,4.0,2.0,2.0,0.5424
Willy Adames,San Francisco Giants,Miami Marlins,Sandy Alcantara,sp,0.222,0.203,0.18534857142857142,0.1806,0.1645,25,101,4.04,2.0,2.04,0.5347
Agustín Ramírez,Miami Marlins,San Francisco Giants,Adrian Houser,sp,0.218,0.292,0.21818927444794953,0.2585,0.1909,24,88,3.667,2.0,1.667,0.6138
Connor Norby,Miami Marlins,San Francisco Giants,Adrian Houser,sp,0.206,0.292,0.21818927444794953,0.245,0.18,22,73,3.318,2.0,1.318,0.5612
Graham Pauley,Miami Marlins,San Francisco Giants,Adrian Houser,sp,0.136,0.292,0.21818927444794953,0.1645,0.1175,20,54,2.7,2.0,0.7,0.3604
Heriberto Hernández,Miami Marlins,San Francisco Giants,Adrian Houser,sp,0.224,0.292,0.21818927444794953,0.2652,0.1963,19,56,2.947,2.0,0.947,0.561
Jakob Marsee,Miami Marlins,San Francisco Giants,Adrian Houser,sp,0.194,0.292,0.21818927444794953,0.2314,0.1692,25,95,3.8,2.0,1.8,0.5768
Liam Hicks,Miami Marlins,San Francisco Giants,Adrian Houser,sp,0.322,0.292,0.21818927444794953,0.3726,0.2867,24,78,3.25,2.0,1.25,0.742
Otto Lopez,Miami Marlins,San Francisco Giants,Adrian Houser,sp,0.286,0.292,0.21818927444794953,0.3337,0.2532,24,92,3.833,2.0,1.833,0.74
Owen Caissie,Miami Marlins,San Francisco Giants,Adrian Houser,sp,0.221,0.292,0.21818927444794953,0.2619,0.1936,23,71,3.087,2.0,1.087,0.5688
Xavier Edwards,Miami Marlins,San Francisco Giants,Adrian Houser,sp,0.299,0.292,0.21818927444794953,0.3479,0.2652,25,94,3.76,2.0,1.76,0.7528
